gen_name,bus,Units,Max Capacity (MW),Commit,Heat Rate Base (MMBTU/hr),Heat Rate Inc Band 1 (BTU/kWh),Heat Rate Inc Band 2 (BTU/kWh),Heat Rate Inc Band 3 (BTU/kWh),Heat Rate Inc Band 4 (BTU/kWh),Heat Rate Inc Band 5 (BTU/kWh),Load Point Band 1 (MW),Load Point Band 2 (MW),Load Point Band 3 (MW),Load Point Band 4 (MW),Load Point Band 5 (MW),Max Ramp Down (MW/min),Max Ramp Down Penalty ($/MW),Max Ramp Up (MW/min),Max Ramp Up Penalty ($/MW),Min Down Time (h),Min Up Time (h),Min Stable Level (MW),% of min stable level,New stable level (MW),Start Cost ($),VO&M Charge ($/MWh)
Biomass_01,12,1,3,0,10.91,12120,,,,,3,,,,,0.42,450,0.42,450,1,1,0.9,30%,0.9,15.9,1.91
Biomass_02,12,1,3,0,10.91,12120,,,,,3,,,,,0.42,450,0.42,450,1,1,0.9,30%,0.9,15.9,1.91
Biomass_03,103,1,1.2,0,4.36,12120,,,,,1.2,,,,,0.42,450,0.42,450,1,1,0.36,30%,0.36,6.36,1.91
Biomass_04,103,1,1.2,0,4.36,12120,,,,,1.2,,,,,0.42,450,0.42,450,1,1,0.36,30%,0.36,6.36,1.91
Biomass_05,12,1,1.3,0,4.73,12120,,,,,1.3,,,,,0.42,450,0.42,450,6,6,0.26,20%,0.26,6.89,1.91
Biomass_06,12,1,1.3,0,4.73,12120,,,,,1.3,,,,,0.42,450,0.42,450,6,6,0.26,20%,0.26,6.89,1.91
Biomass_07,12,1,3,0,10.91,12120,,,,,3,,,,,0.42,450,0.42,450,6,6,0.6,20%,0.6,15.9,1.91
Biomass_08,12,1,1.35,0,4.91,12120,,,,,1.35,,,,,0.42,450,0.42,450,6,6,0.27,20%,0.27,7.16,1.91
Biomass_09,12,1,1.35,0,4.91,12120,,,,,1.35,,,,,0.42,450,0.42,450,6,6,0.27,20%,0.27,7.16,1.91
Biomass_10,12,1,1.35,0,4.91,12120,,,,,1.35,,,,,0.42,450,0.42,450,6,6,0.27,20%,0.27,7.16,1.91
Biomass_11,12,1,0.71,0,2.58,12120,,,,,0.71,,,,,0.42,450,0.42,450,6,6,0.14,20%,0.14,3.76,1.91
Biomass_12,12,1,0.71,0,2.58,12120,,,,,0.71,,,,,0.42,450,0.42,450,6,6,0.14,20%,0.14,3.76,1.91
Biomass_13,12,1,0.71,0,2.58,12120,,,,,0.71,,,,,0.42,450,0.42,450,6,6,0.14,20%,0.14,3.76,1.91
Biomass_14,12,1,1.57,0,5.71,12120,,,,,1.57,,,,,0.42,450,0.42,450,6,6,0.31,20%,0.31,8.32,1.91
Biomass_15,12,1,0.65,0,2.36,12120,,,,,0.65,,,,,0.42,450,0.42,450,6,6,0.13,20%,0.13,3.45,1.91
Biomass_16,12,1,0.65,0,2.36,12120,,,,,0.65,,,,,0.42,450,0.42,450,6,6,0.13,20%,0.13,3.45,1.91
Biomass_17,12,1,0.65,0,2.36,12120,,,,,0.65,,,,,0.42,450,0.42,450,6,6,0.13,20%,0.13,3.45,1.91
Biomass_18,12,1,0.65,0,2.36,12120,,,,,0.65,,,,,0.42,450,0.42,450,6,6,0.13,20%,0.13,3.45,1.91
Biomass_19,12,1,0.45,0,1.64,12120,,,,,0.45,,,,,0.42,450,0.42,450,6,6,0.09,20%,0.09,2.39,1.91
Biomass_20,12,1,0.45,0,1.64,12120,,,,,0.45,,,,,0.42,450,0.42,450,6,6,0.09,20%,0.09,2.39,1.91
Biomass_21,12,1,0.45,0,1.64,12120,,,,,0.45,,,,,0.42,450,0.42,450,6,6,0.09,20%,0.09,2.39,1.91
Biomass_22,12,1,0.45,0,1.64,12120,,,,,0.45,,,,,0.42,450,0.42,450,6,6,0.09,20%,0.09,2.39,1.91
Biomass_23,12,1,1,0,3.64,12120,,,,,1,,,,,0.42,450,0.42,450,6,6,0.2,20%,0.2,5.3,1.91
Biomass_24,12,1,1,0,3.64,12120,,,,,1,,,,,0.42,450,0.42,450,6,6,0.2,20%,0.2,5.3,1.91
Biomass_25,12,1,1,0,3.64,12120,,,,,1,,,,,0.42,450,0.42,450,6,6,0.2,20%,0.2,5.3,1.91
Biomass_26,12,1,1.9,0,9.69,11819.23,12422.19,13814.7,,,0.95,1.52,1.9,,,0.19,450,0.18,450,8,8,0.57,30%,0.57,10.07,1.91
Biomass_27,12,1,1.9,0,9.69,11819.23,12422.19,13814.7,,,0.95,1.52,1.9,,,0.19,450,0.18,450,8,8,0.57,30%,0.57,10.07,1.91
Biomass_28,12,1,1.9,0,9.69,11819.23,12422.19,13814.7,,,0.95,1.52,1.9,,,0.19,450,0.18,450,8,8,0.57,30%,0.57,10.07,1.91
Biomass_29,12,1,1.9,0,9.69,11819.23,12422.19,13814.7,,,0.95,1.52,1.9,,,0.19,450,0.18,450,8,8,0.57,30%,0.57,10.07,1.91
Biomass_30,12,1,1.9,0,9.69,11819.23,12422.19,13814.7,,,0.95,1.52,1.9,,,0.19,450,0.18,450,8,8,0.57,30%,0.57,10.07,1.91
Biomass_31,12,1,1.9,0,9.69,11819.23,12422.19,13814.7,,,0.95,1.52,1.9,,,0.19,450,0.18,450,8,8,0.57,30%,0.57,10.07,1.91
Biomass_32,12,1,1.9,0,6.91,12120,,,,,1.9,,,,,0.42,450,0.42,450,6,6,0.57,30%,0.57,10.07,1.91
Biomass_33,103,1,1.6,0,5.69,11855,,,,,1.6,,,,,0.42,450,0.42,450,8,5,0.48,30%,0.48,8.48,1.91
Biomass_34,103,1,1.6,0,5.69,11855,,,,,1.6,,,,,0.42,450,0.42,450,8,5,0.48,30%,0.48,8.48,1.91
Biomass_35,103,1,1.6,0,5.69,11855,,,,,1.6,,,,,0.42,450,0.42,450,8,5,0.48,30%,0.48,8.48,1.91
Biomass_36,103,1,1.6,0,5.69,11855,,,,,1.6,,,,,0.42,450,0.42,450,8,5,0.48,30%,0.48,8.48,1.91
Biomass_37,103,1,0.95,0,3.45,12120,,,,,0.95,,,,,0.42,450,0.42,450,6,6,0.28,29%,0.28,5.04,1.91
Biomass_38,103,1,0.95,0,3.45,12120,,,,,0.95,,,,,0.42,450,0.42,450,6,6,0.19,20%,0.19,5.04,1.91
Biomass_39,103,1,0.95,0,3.45,12120,,,,,0.95,,,,,0.42,450,0.42,450,6,6,0.19,20%,0.19,5.04,1.91
Biomass_40,103,1,0.95,0,3.45,12120,,,,,0.95,,,,,0.42,450,0.42,450,6,6,0.19,20%,0.19,5.04,1.91
Biomass_41,103,1,1.88,0,6.84,12120,,,,,1.88,,,,,0.42,450,0.42,450,8,8,0.56,30%,0.56,9.96,1.91
Biomass_42,103,1,1.88,0,6.84,12120,,,,,1.88,,,,,0.42,450,0.42,450,8,8,0.56,30%,0.56,9.96,1.91
Biomass_43,103,1,3.75,0,16.81,10389.48,10919.5,12143.56,,,1.88,3,3.75,,,0.06,450,0.07,450,8,8,1.12,30%,1.12,19.88,1.91
Biomass_44,103,1,2.29,0,8.33,12120,,,,,2.29,,,,,0.42,450,0.42,450,8,5,0.69,30%,0.69,12.14,1.91
Biomass_45,103,1,2.29,0,8.33,12120,,,,,2.29,,,,,0.42,450,0.42,450,8,5,0.69,30%,0.69,12.14,1.91
Biomass_46,103,1,1.2,0,4.36,12120,,,,,1.2,,,,,0.42,450,0.42,450,8,5,0.36,30%,0.36,6.36,1.91
Biomass_47,103,1,3,0,12.46,13849,,,,,3,,,,,0.42,450,0.42,450,8,5,0.9,30%,0.9,15.9,1.91
Biomass_48,103,1,3,0,12.46,13849,,,,,3,,,,,0.42,450,0.42,450,8,5,0.9,30%,0.9,15.9,1.91
Biomass_49,103,1,1.6,0,5.82,12120,,,,,1.6,,,,,0.42,450,0.42,450,6,6,0.32,20%,0.32,8.48,1.91
Biomass_50,103,1,0.9,0,3.27,12120,,,,,0.9,,,,,0.42,450,0.42,450,6,6,0.27,30%,0.27,4.77,1.91
Biomass_51,103,1,0.9,0,3.27,12120,,,,,0.9,,,,,0.42,450,0.42,450,6,6,0.18,20%,0.18,4.77,1.91
Biomass_52,103,1,3,0,10.91,12120,,,,,3,,,,,0.42,450,0.42,450,6,6,0.9,30%,0.9,15.9,1.91
Biomass_53,34,1,3,0,10.91,12120,,,,,3,,,,,0.42,450,0.42,450,6,6,0.6,20%,0.6,15.9,1.91
Biomass_54,34,1,3,0,10.91,12120,,,,,3,,,,,0.42,450,0.42,450,6,6,0.6,20%,0.6,15.9,1.91
Biomass_55,34,1,3,0,10.91,12120,,,,,3,,,,,0.42,450,0.42,450,6,6,0.6,20%,0.6,15.9,1.91
Biomass_56,12,1,4.6,0,16.73,12120,,,,,4.6,,,,,0.42,450,0.42,450,8,8,1.38,30%,1.38,24.38,1.91
Biomass_57,12,1,3,0,10.91,12120,,,,,3,,,,,0.42,450,0.42,450,8,8,0.9,30%,0.9,15.9,1.91
Biomass_58,12,1,3,0,10.91,12120,,,,,3,,,,,0.42,450,0.42,450,8,8,0.9,30%,0.9,15.9,1.91
Biomass_59,12,1,4.6,0,16.73,12120,,,,,4.6,,,,,0.42,450,0.42,450,8,8,1.38,30%,1.38,24.38,1.91
Biomass_60,12,1,3,0,10.91,12120,,,,,3,,,,,0.42,450,0.42,450,8,8,0.9,30%,0.9,15.9,1.91
Biomass_61,103,1,1.88,0,6.84,12120,,,,,1.88,,,,,0.42,450,0.42,450,8,8,0.56,30%,0.56,9.96,1.91
Biomass_62,34,1,7.5,0,30.38,13500,,,,,7.5,,,,,0.42,450,0.42,450,8,5,2.25,30%,2.25,39.75,1.91
CC_NG_01,12,1,41.5,0,316.78,6489,,,,,41.5,,,,,0.28,450,0.28,450,6,8,41.08,99%,12.45,3475.54,1.08
CC_NG_03,12,1,126.98,0,817.44,5148.45,,,,,126.98,,,,,1.06,450,1.07,450,4,8,20,16%,20,10634.31,1.08
CC_NG_04,12,1,320,0,1305.53,6460.42,,,,,320,,,,,2.5,450,2.5,450,4,8,160,50%,160,26799.33,1.08
CC_NG_05,74,1,100,0,643.53,5369.87,,,,,100,,,,,0.73,450,0.73,450,8,12,99,99%,30,8374.79,1.08
CC_NG_06,12,1,13.5,0,38.9,9626.45,9685.06,9765.02,9925.4,,4.32,7.29,9.86,13.5,,2.5,450,2.5,450,6,6,4.05,30%,4.05,1130.6,1.08
CC_NG_07,103,1,55.1,0,505.73,6489,,,,,55.1,,,,,0.39,450,0.4,450,4,8,20,36%,20,4614.51,1.08
CC_NG_08,112,1,14.3,0,64.73,7167.45,,,,,14.3,,,,,2.5,450,2.5,450,6,6,4.29,30%,4.29,1197.59,1.08
CC_NG_09,107,1,33,0,149.37,7167.45,,,,,33,,,,,2.5,450,2.5,450,6,6,32.67,99%,9.9,2763.68,1.08
CC_NG_10,36,1,71.51,0,"206,735","86,807,765",8730.37,,,,65.54,71.51,,,,2.5,450,2.5,450,4,8,"2,145,299,911",30%,"2,145,299,911","5,988,812,988","1,081,302,047"
CC_NG_11,66,1,596.4,0,2610.27,5614.22,6065.79,6523.46,6981.34,,395.12,462.21,529.3,596.4,,2.5,450,2.5,450,4,8,328.02,55%,328.02,49947.25,1.08
CC_NG_12,46,1,150,0,776.77,8872.48,9368.83,10187.22,,,87.92,116.94,150,,,2.67,450,2.67,450,4,8,60,40%,60,12562.18,1.08
CC_NG_13,12,1,57.3,0,437.38,6489,,,,,57.3,,,,,0.41,450,0.4,450,6,8,20,35%,20,4798.75,1.08
CC_NG_14,49,1,164.75,0,683.65,7319.01,7907.7,8504.34,9101.27,,109.15,127.68,146.22,164.75,,1.31,450,1.3,450,4,8,65.9,40%,65.9,13797.47,1.08
CC_NG_15,34,1,27,0,125.42,10411.8,11151.78,12284.3,,,13.5,21.6,27,,,2.67,450,2.67,450,2,2,8.1,30%,8.1,2261.19,1.08
CC_NG_16,12,1,943.5,0,3841.14,5378.45,5811.05,6249.5,6688.16,9000,606.92,709.98,813.04,916.1,943.5,6.65,450,6.65,450,4,8,503.86,53%,503.86,79016.14,1.08
CC_NG_17,25,1,154.4,0,729.19,6058.06,6545.33,7039.18,7533.27,,102.29,119.66,137.03,154.4,,2.5,450,2.5,450,4,8,84.92,55%,84.92,12930.68,1.08
CC_NG_18,113,1,619,0,2359.7,5433.32,5870.34,6313.26,6756.4,8722.11,337.84,395.21,452.58,509.95,619,4.42,450,4.42,450,4,8,306.4,49%,306.4,51839.95,1.08
CC_NG_19,12,1,140,0,497.91,4983.78,5384.64,5790.91,6197.38,7450.02,84.9,99.32,113.74,128.15,140,0.88,450,0.87,450,4,8,70.48,50%,70.48,11724.71,1.08
CC_NG_20,25,1,25.8,0,390.91,6489,,,,,25.8,,,,,2.67,450,2.67,450,2,2,25.54,99%,7.74,2160.7,1.08
CC_NG_21,26,1,315,0,832.56,8072.62,,,,,315,,,,,2.5,450,2.5,450,4,8,141.75,45%,141.75,26380.59,1.08
CC_NG_22,26,1,677.8,0,2669.45,4793.24,5116.49,5439.73,5762.98,8312.11,433.02,494.88,556.74,618.6,677.8,7.97,450,7.97,450,4,8,385.59,57%,385.59,56764.33,1.08
CC_NG_23,10,1,636,0,2515.62,5442.6,5880.36,6324.04,6767.93,9080.23,400.74,468.8,536.85,604.9,636,5.69,450,5.68,450,4,8,326.09,51%,326.09,53263.66,1.08
CC_NG_24,25,1,672.3,0,2419,6330.73,,,,,672.3,,,,,2.5,450,2.5,450,4,8,302.54,45%,302.54,56303.71,1.08
CC_NG_25,10,1,32.49,0,248,6489,,,,,32.49,,,,,0.22,450,0.22,450,4,8,32.17,99%,"9,747",2720.97,1.08
CC_NG_26,10,1,655,0,1886.4,7200,,,,,655,,,,,3.01,450,3,450,4,8,262,40%,262,54854.88,1.08
CC_NG_27,4,1,34.5,0,263.34,6489,,,,,34.5,,,,,0.25,450,0.25,450,4,8,34.15,99%,10.35,2889.3,1.08
CC_NG_28,100,1,181.5,0,"8,822,746",6997.74,,,,,181.5,,,,,2.5,450,2.5,450,4,8,"9,982,499,695",55%,"9,982,499,695","1,520,024,023","1,081,302,047"
CC_NG_29,107,1,49.9,0,380.9,6489,,,,,49.9,,,,,0.42,450,0.42,450,6,8,49.4,99%,14.97,4179.02,1.08
CC_NG_31,89,1,336.5,0,1470.72,5606.43,6057.37,6514.41,6971.66,,222.93,260.79,298.64,336.5,,2.5,450,2.5,450,4,8,185.07,55%,185.07,28181.17,1.08
CC_NG_32,90,1,38.55,0,610.51,6489,,,,,38.55,,,,,1.17,450,1.17,450,2,2,38.16,99%,"11,565",3228.48,1.08
CC_NG_33,90,1,24.88,0,71.69,9626.45,9685.06,9765.02,9925.4,,24.64,24.72,24.78,24.88,,2.5,450,2.5,450,8,8,24.63,99%,"7,464",2083.65,1.08
CC_NG_34,87,1,688.3,0,2539.18,5298.86,5725.06,6157.02,6589.19,8749.29,378.24,442.47,506.7,570.92,688.3,5.61,450,5.62,450,4,8,338.08,49%,338.08,57643.68,1.08
CC_NG_35,89,1,595,0,2286.38,5407.71,5842.67,6283.5,6724.55,9000,359.3,420.32,481.33,542.35,595,3.69,450,3.68,450,4,8,298.29,50%,298.29,49830,1.08
CC_NG_36,87,1,668,0,2818.21,5411.77,5847.05,6288.21,6729.59,,442.55,517.7,592.85,668,,2.5,450,2.5,450,4,8,367.4,55%,367.4,55943.6,1.08
CC_NG_37,65,1,636,0,2241.39,5196.53,5583.89,5971.25,6358.61,8996.73,363.43,460.34,533.03,593.6,636,6.69,450,6.68,450,4,8,298.19,47%,298.19,53263.66,1.08
CC_NG_38,49,1,98.2,0,335.64,5546.49,5992.61,6444.76,6897.12,9000,51.43,60.16,68.89,77.62,98.2,2.5,450,2.5,450,4,8,42.69,43%,42.69,8224.04,1.08
CC_NG_39,18,1,247,0,2132.11,6489,,,,,247,,,,,2.02,450,2.03,450,4,8,244.53,99%,74.1,20685.73,1.08
CC_NG_40,107,1,751.1,0,971.04,"5,639,614","6,093,222","6,552,962","7,012,919",,540.1,631.8,723.5,749.9,,"1,856",450,1.85,450,4,8,412.5,55%,412.5,62810.93,1.08
CT_NG_01,6,1,25.4,-1,133.1,8978.49,9480.76,10308.93,,,17.78,22.86,25.4,,,2.67,450,2.67,450,2,2,11.43,45%,11.43,861.65,0.7
CT_NG_02,18,1,25.4,-1,132.96,8968.93,9470.68,10297.97,,,17.57,22.65,25.4,,,2.67,450,2.67,450,2,2,11.43,45%,11.43,861.65,0.7
CT_NG_03,4,1,24.75,-1,129.7,8978.49,9480.76,10308.93,,,17.32,22.27,24.75,,,2.67,450,2.67,450,2,2,11.14,45%,11.14,839.6,0.7
CT_NG_04,4,1,24.75,-1,129.7,8978.49,9480.76,10308.93,,,17.32,22.27,24.75,,,2.67,450,2.67,450,2,2,11.14,45%,11.14,839.6,0.7
CT_NG_05,4,1,49.9,-1,254.25,10178.88,11005.58,12879.82,,,24.95,39.92,49.9,,,1.33,450,1.33,450,2,2,14.97,30%,14.97,1692.77,0.7
CT_NG_06,6,1,49.9,-1,254.25,10178.88,11005.58,12879.82,,,24.95,39.92,49.9,,,1.33,450,1.33,450,2,2,14.97,30%,14.97,1692.77,0.7
CT_NG_07,6,1,49.9,-1,254.25,10178.88,11005.58,12879.82,,,24.95,39.92,49.9,,,1.33,450,1.33,450,2,2,14.97,30%,14.97,1692.77,0.7
CT_NG_08,8,1,50,-1,242.98,9973.58,11137.16,12586.88,,,25,40,50,,,1.67,450,1.67,450,2,2,15,30%,15,1696.16,0.7
CT_NG_09,8,1,50,-1,256,8772.26,9263,10072.15,,,29.26,36.33,50,,,1.97,450,1.97,450,1,1,25,50%,25,1696.16,0.7
CT_NG_10,8,1,50,-1,256,8772.26,9263,10072.15,,,29.26,36.33,50,,,1.97,450,1.97,450,1,1,25,50%,25,1696.16,0.7
CT_NG_11,10,1,50,-1,256,8772.26,9263,10072.15,,,29.26,36.33,50,,,1.97,450,1.97,450,1,1,25,50%,25,1696.16,0.7
CT_NG_12,10,1,50,-1,256,8772.26,9263,10072.15,,,29.26,36.33,50,,,1.97,450,1.97,450,1,1,25,50%,25,1696.16,0.7
CT_NG_13,6,1,21.6,-1,104.97,9973.58,11137.16,12586.88,,,21.45,21.54,21.6,,,0.67,450,0.67,450,1,1,21.3,99%,6.48,732.74,0.7
CT_NG_14,6,1,21.6,-1,104.97,9973.58,11137.16,12586.88,,,21.45,21.54,21.6,,,0.67,450,0.67,450,1,1,21.3,99%,6.48,732.74,0.7
CT_NG_15,25,1,21.6,-1,104.97,9973.58,11137.16,12586.88,,,21.45,21.54,21.6,,,0.67,450,0.67,450,1,1,21.3,99%,6.48,732.74,0.7
CT_NG_16,25,1,49.9,-1,261.49,8978.49,9480.76,10308.93,,,34.93,44.91,49.9,,,1.33,450,1.33,450,2,2,22.45,45%,22.45,1692.77,0.7
CT_NG_17,4,1,6.9,-1,17.33,7651.79,,,,,6.9,,,,,1,450,1,450,1,1,3.11,45%,3.11,234.07,0.7
CT_NG_18,4,1,3.9,-1,9.79,7651.79,,,,,3.9,,,,,1,450,1,450,1,1,1.75,45%,1.75,132.3,0.7
CT_NG_19,18,1,3.9,-1,9.79,7651.79,,,,,3.9,,,,,1,450,1,450,1,1,1.75,45%,1.75,132.3,0.7
CT_NG_20,25,1,6.9,-1,17.33,7651.79,,,,,6.9,,,,,1,450,1,450,1,1,3.11,45%,3.11,234.07,0.7
CT_NG_21,85,1,100,-1,602.19,5609.17,5842.25,6075.34,6308.42,6541.51,36,52,68,84,100,"6,266,666,667",450,"6,266,666,667",450,1,1,20,20%,20,"3,392,320,068",0.699666023
CT_NG_22,91,1,100,-1,602.19,5609.17,5842.25,6075.34,6308.42,6541.51,36,52,68,84,100,6.27,450,6.27,450,1,1,20,20%,20,3392.32,0.7
CT_NG_23,91,1,100,-1,602.19,5609.17,5842.25,6075.34,6308.42,6541.51,36,52,68,84,100,6.27,450,6.27,450,1,1,20,20%,20,3392.32,0.7
CT_NG_24,100,1,100,-1,602.19,5609.17,5842.25,6075.34,6308.42,6541.51,36,52,68,84,100,6.27,450,6.27,450,1,1,20,20%,20,3392.32,0.7
CT_NG_25,100,1,100,-1,602.19,5609.17,5842.25,6075.34,6308.42,6541.51,36,52,68,84,100,6.27,450,6.27,450,1,1,20,20%,20,3392.32,0.7
CT_NG_26,100,1,100,-1,602.19,5609.17,5842.25,6075.34,6308.42,6541.51,36,52,68,84,100,6.27,450,6.27,450,1,1,20,20%,20,3392.32,0.7
CT_NG_27,107,1,1.05,-1,2.64,7651.79,,,,,1.05,,,,,1,450,1,450,1,1,0,0%,0,35.62,0.7
CT_NG_28,100,1,44.02,-1,230.54,10462.6,11312.34,13238.82,,,30.81,39.62,44.02,,,2.67,450,2.67,450,2,2,13.21,30%,13.21,1493.3,0.7
CT_NG_29,107,1,0.6,-1,1.51,7651.79,,,,,0.6,,,,,1,450,1,450,1,1,0,0%,0,20.35,0.7
CT_NG_30,90,1,18,-1,83.61,10411.8,11151.78,12284.3,,,9,14.4,18,,,2.67,450,2.67,450,2,2,5.4,30%,5.4,610.62,0.7
CT_NG_31,107,1,1.54,-1,3.87,7651.79,,,,,1.54,,,,,1,450,1,450,1,1,0,0%,0,52.24,0.7
CT_NG_32,107,1,1.6,-1,4.02,7651.79,,,,,1.6,,,,,1,450,1,450,1,1,0,0%,0,54.28,0.7
CT_NG_33,107,1,1.3,-1,3.26,7651.79,,,,,1.3,,,,,1,450,1,450,1,1,0,0%,0,44.1,0.7
CT_NG_34,100,1,100,-1,535.28,5576.03,5846.54,6117.04,6387.54,6658.05,56,67,78,89,100,5.33,450,5.33,450,1,1,45,45%,45,10919.03,0.6
CT_NG_35,100,1,100,-1,535.28,5576.03,5846.54,6117.04,6387.54,6658.05,56,67,78,89,100,5.33,450,5.33,450,1,1,45,45%,45,10919.03,0.6
CT_NG_36,100,1,100,-1,535.28,5576.03,5846.54,6117.04,6387.54,6658.05,56,67,78,89,100,5.33,450,5.33,450,1,1,45,45%,45,10919.03,0.6
CT_NG_37,107,1,1.3,-1,3.26,7651.79,,,,,1.3,,,,,1,450,1,450,1,1,0,0%,0,44.1,0.7
CT_NG_38,90,1,9.5,-1,23.86,7651.79,,,,,9.5,,,,,1,450,1,450,1,1,0,0%,0,322.27,0.7
CT_NG_39,112,1,1.3,-1,3.26,7651.79,,,,,1.3,,,,,1,450,1,450,1,1,0,0%,0,44.1,0.7
CT_NG_40,112,1,3.1,-1,7.78,7651.79,,,,,3.1,,,,,1,450,1,450,1,1,0.93,30%,0.93,105.16,0.7
CT_NG_41,40,1,54,-1,174.48,7598.82,8210.01,8829.46,9449.21,,37.57,43.2,46.96,54,,0.8,450,0.8,450,8,8,16.2,30%,16.2,1831.85,0.7
CT_NG_42,36,1,82.4,-1,246.08,10473.15,11076.55,,,,49.44,82.4,,,,1.33,450,1.33,450,2,2,19.78,24%,19.78,2795.27,0.7
CT_NG_43,62,1,25,-1,155.2,9250.24,9764.15,,,,17.17,25,,,,3.47,450,3.47,450,1,1,7.5,30%,7.5,848.08,0.7
CT_NG_44,55,1,60.35,-1,316.26,8978.49,9480.76,10308.93,,,42.24,54.31,60.35,,,1.33,450,1.33,450,2,2,27.16,45%,27.16,2047.27,0.7
CT_NG_45,55,1,60.35,-1,316.26,8978.49,9480.76,10308.93,,,42.24,54.31,60.35,,,1.33,450,1.33,450,2,2,27.16,45%,27.16,2047.27,0.7
CT_NG_46,26,1,180,-1,1083.94,5563.63,5786.8,6009.97,6233.13,6456.3,100.8,120.6,140.4,160.2,180,5.33,450,5.33,450,2,2,81,45%,81,19654.25,0.6
CT_NG_47,26,1,180,-1,1083.94,5563.63,5786.8,6009.97,6233.13,6456.3,100.8,120.6,140.4,160.2,180,5.33,450,5.33,450,2,2,81,45%,81,19654.25,0.6
CT_NG_48,26,1,180,-1,1083.94,5563.63,5786.8,6009.97,6233.13,6456.3,100.8,120.6,140.4,160.2,180,5.33,450,5.33,450,2,2,81,45%,81,19654.25,0.6
CT_NG_49,26,1,180,-1,1083.94,5563.63,5786.8,6009.97,6233.13,6456.3,100.8,120.6,140.4,160.2,180,5.33,450,5.33,450,2,2,81,45%,81,19654.25,0.6
CT_NG_50,111,1,49.96,-1,260.68,8939.78,9439.89,10264.49,,,33.53,43.12,49.96,,,2.67,450,2.67,450,2,2,22.48,45%,22.48,5455.15,0.6
CT_NG_51,85,1,8.57,-1,81.45,5597,,,,,8.57,,,,,0.47,450,0.47,450,8,8,8.48,99%,"2,571",935.76,0.6
CT_NG_52,85,1,10.71,-1,101.79,5597,,,,,10.71,,,,,0.47,450,0.47,450,8,8,10.6,99%,"3,213",1169.43,0.6
CT_NG_53,85,1,10.71,-1,101.79,5597,,,,,10.71,,,,,0.47,450,0.47,450,8,8,10.6,99%,"3,213",1169.43,0.6
CT_NG_54,111,1,49.9,-1,262.72,9263.61,,,,,49.9,,,,,2.67,450,2.67,450,2,2,22.45,45%,22.45,5448.6,0.6
CT_NG_55,91,1,15,-1,69.1,10324.71,0,12181.54,,,9.38,9.38,15,,,2.67,450,2.67,450,2,2,4.5,30%,4.5,1637.85,0.6
CT_NG_56,111,1,46.9,-1,243.8,8906.31,9404.55,10226.06,,,30.3,38.96,46.9,,,2.67,450,2.67,450,2,2,21.1,45%,21.1,5121.02,0.6
CT_NG_66,111,1,45,-1,235.82,8978.49,9480.76,10308.93,,,31.5,40.5,45,,,2.67,450,2.67,450,2,2,20.25,45%,20.25,4913.56,0.6
CT_NG_67,111,1,45,-1,235.82,8978.49,9480.76,10308.93,,,31.5,40.5,45,,,2.67,450,2.67,450,2,2,20.25,45%,20.25,4913.56,0.6
CT_NG_68,111,1,46.7,-1,244.39,8966.32,9467.92,10294.97,,,32.27,41.49,46.7,,,1.53,450,1.53,450,2,2,21.01,45%,21.01,5099.19,0.6
CT_NG_69,111,1,49.5,-1,588.75,7673.56,7749.16,7824.76,7900.35,7975.95,27.72,33.16,38.61,44.05,49.5,2.67,450,2.67,450,2,2,22.27,45%,22.27,5404.92,0.6
CT_NG_70,111,1,44.02,-1,229.6,8936.58,9436.52,10260.82,,,29.65,37.73,44.02,,,2.67,450,2.67,450,2,2,19.81,45%,19.81,4806.56,0.6
CT_NG_71,111,1,44.02,-1,229.6,8936.58,9436.52,10260.82,,,29.65,37.73,44.02,,,2.67,450,2.67,450,2,2,19.81,45%,19.81,4806.56,0.6
CT_NG_72,112,1,50,-1,594.7,7677.91,7754.45,7831,7907.54,7984.09,28,33.5,39,44.5,50,5.33,450,5.33,450,2,2,22.5,45%,22.5,5459.52,0.6
CT_NG_73,112,1,50,-1,594.7,7677.91,7754.45,7831,7907.54,7984.09,28,33.5,39,44.5,50,5.33,450,5.33,450,2,2,22.5,45%,22.5,5459.52,0.6
CT_NG_74,42,1,42,-1,170.67,7167.39,7743.89,8328.17,8912.73,,24.02,28.1,32.17,42,,1.23,450,1.23,450,4,8,16.8,40%,16.8,4585.99,0.6
CT_NG_75,49,1,50.4,-1,150.45,10486.36,11082.28,,,,39.9,50.4,,,,1.33,450,1.33,450,1,1,21.91,43%,21.91,5503.19,0.6
CT_Oil_01,26,1,74.5,-1,362.03,9973.58,11137.16,12586.88,,,37.25,59.6,74.5,,,1.83,450,1.83,450,2,2,22.35,30%,22.35,2369.32,1.91
CT_Oil_02,10,1,74.5,-1,362.03,9973.58,11137.16,12586.88,,,37.25,59.6,74.5,,,1.83,450,1.83,450,2,2,22.35,30%,22.35,2369.32,1.91
CT_Oil_03,10,1,74.5,-1,362.03,9973.58,11137.16,12586.88,,,37.25,59.6,74.5,,,1.83,450,1.83,450,2,2,22.35,30%,22.35,2369.32,1.91
CT_Oil_04,54,1,71.2,-1,330.74,10411.8,11151.78,12284.3,,,35.6,56.96,71.2,,,1.33,450,1.33,450,2,2,21.36,30%,21.36,2264.37,1.91
CT_Oil_05,54,1,71.2,-1,330.74,10411.8,11151.78,12284.3,,,35.6,56.96,71.2,,,1.33,450,1.33,450,2,2,21.36,30%,21.36,2264.37,1.91
Geo_01,55,1,22,0,45.21,4110,,,,,22,,,,,0.07,450,0.07,450,6,6,11,50%,11,0,2.92
Hydro_01,56,1,75,1,,,,,,,,,,,,0.83,450,0.83,450,1,1,0,0%,0,,0
Hydro_02,56,1,75,1,,,,,,,,,,,,0.83,450,0.83,450,1,1,0,0%,0,,0
Hydro_03,66,1,77,1,,,,,,,,,,,,0.86,450,0.86,450,1,1,0,0%,0,,0
Hydro_04,76,1,77,1,,,,,,,,,,,,0.86,450,0.86,450,1,1,0,0%,0,,0
Hydro_05,49,1,82,1,,,,,,,,,,,,0.91,450,0.91,450,1,1,0,0%,0,,0
Hydro_06,59,1,1225.31,1,,,,,,,,,,,,1.58,450,1.58,450,1,1,0,0%,0,,0
Hydro_07,59,1,1225.31,1,,,,,,,,,,,,1.58,450,1.58,450,1,1,0,0%,0,,0
Hydro_08,61,1,1225.31,1,,,,,,,,,,,,1.58,450,1.58,450,1,1,0,0%,0,,0
Hydro_09,61,1,1225.31,1,,,,,,,,,,,,1.58,450,1.58,450,1,1,0,0%,0,,0
Hydro_10,62,1,1225.31,1,,,,,,,,,,,,1.58,450,1.58,450,1,1,0,0%,0,,0
Hydro_11,76,1,810.77,1,,,,,,,,,,,,0.78,450,0.78,450,1,1,0,0%,0,,0
Hydro_12,77,1,810.78,1,,,,,,,,,,,,0.78,450,0.78,450,1,1,0,0%,0,,0
Hydro_13,59,1,46.7,1,,,,,,,,,,,,0.52,450,0.52,450,1,1,0,0%,0,,0
Hydro_14,99,1,110,1,,,,,,,,,,,,1.22,450,1.22,450,1,1,0,0%,0,,0
Hydro_15,80,1,140,1,,,,,,,,,,,,1.56,450,1.56,450,1,1,0,0%,0,,0
Hydro_16,32,1,0.8,1,,,,,,,,,,,,0.01,450,0.01,450,1,1,0,0%,0,,0
Hydro_17,112,1,1.35,1,,,,,,,,,,,,0.02,450,0.02,450,1,1,0,0%,0,,0
Hydro_18,112,1,4.65,1,,,,,,,,,,,,0.05,450,0.05,450,1,1,0,0%,0,,0
Hydro_19,116,1,648.44,1,,,,,,,,,,,,0.61,450,0.61,450,1,1,0,0%,0,,0
Hydro_20,77,1,765.77,1,,,,,,,,,,,,0.8,450,0.8,450,1,1,0,0%,0,,0
Hydro_21,99,1,765.77,1,,,,,,,,,,,,0.8,450,0.8,450,1,1,0,0%,0,,0
Hydro_22,99,1,765.77,1,,,,,,,,,,,,0.8,450,0.8,450,1,1,0,0%,0,,0
Hydro_23,69,1,742.63,1,,,,,,,,,,,,0.95,450,0.95,450,1,1,0,0%,0,,0
Hydro_24,69,1,742.63,1,,,,,,,,,,,,0.95,450,0.95,450,1,1,0,0%,0,,0
Hydro_25,61,1,286.46,1,,,,,,,,,,,,0.43,450,0.43,450,1,1,0,0%,0,,0
Hydro_26,116,1,286.46,1,,,,,,,,,,,,0.43,450,0.43,450,1,1,0,0%,0,,0
Hydro_27,80,1,286.46,1,,,,,,,,,,,,0.43,450,0.43,450,1,1,0,0%,0,,0
Hydro_28,80,1,1116.06,1,,,,,,,,,,,,1.67,450,1.67,450,1,1,0,0%,0,,0
Hydro_29,80,1,1116.06,1,,,,,,,,,,,,1.67,450,1.67,450,1,1,0,0%,0,,0
Hydro_30,34,1,0.1,1,,,,,,,,,,,,0,450,0,450,1,1,0,0%,0,,0
Hydro_31,34,0,0.4,1,,,,,,,,,,,,0,450,0,450,1,1,0,0%,0,,0
Hydro_32,34,1,0.48,1,,,,,,,,,,,,0.01,450,0.01,450,1,1,0,0%,0,,0
Hydro_33,69,1,1112.39,1,,,,,,,,,,,,1.06,450,1.06,450,1,1,0,0%,0,,0
Hydro_34,69,1,1112.39,1,,,,,,,,,,,,1.06,450,1.06,450,1,1,0,0%,0,,0
Hydro_35,34,1,0.24,1,,,,,,,,,,,,0,450,0,450,1,1,0,0%,0,,0
Hydro_36,34,1,10.76,1,,,,,,,,,,,,0.02,450,0.02,450,1,1,0,0%,0,,0
Hydro_37,36,1,47.1,1,,,,,,,,,,,,,,,,1,1,0,0%,0,,0
Hydro_38,34,1,2.46,1,,,,,,,,,,,,,,,,1,1,0,0%,0,,0
Hydro_39,34,1,2.46,1,,,,,,,,,,,,,,,,1,1,0,0%,0,,0
Hydro_40,65,1,96.93,1,,,,,,,,,,,,,,,,1,1,0,0%,0,,0
Hydro_41,46,1,96.26,1,,,,,,,,,,,,,,,,1,1,0,0%,0,,0
Hydro_42,42,1,96.26,1,,,,,,,,,,,,,,,,1,1,0,0%,0,,0
Hydro_43,99,1,111.93,1,,,,,,,,,,,,,,,,1,1,0,0%,0,,0
ICE_NG_01,112,1,3.25,-1,9.12,7874.12,,,,,3.25,,,,,4.17,450,4.17,450,1,1,0,0%,0,34.45,2.12
ICE_NG_02,56,1,8.4,-1,15.81,7922.92,,,,,8.4,,,,,1,450,1,450,3,5,1.68,20%,1.68,44.52,1.91
ICE_NG_03,65,1,8.4,-1,15.81,7922.92,,,,,8.4,,,,,1,450,1,450,3,5,1.68,20%,1.68,44.52,1.91
ICE_NG_04,65,1,8.4,-1,15.81,7922.92,,,,,8.4,,,,,1,450,1,450,3,5,1.68,20%,1.68,44.52,1.91
ICE_NG_05,77,1,8.4,-1,15.81,7922.92,,,,,8.4,,,,,1,450,1,450,3,5,1.68,20%,1.68,44.52,1.91
ICE_NG_06,77,1,8.4,-1,15.81,7922.92,,,,,8.4,,,,,1,450,1,450,3,5,1.68,20%,1.68,44.52,1.91
ICE_NG_07,34,1,8.4,-1,15.81,7922.92,,,,,8.4,,,,,1,450,1,450,3,5,1.68,20%,1.68,44.52,1.91
Solar_01,32,1,746.76,1,,,,,,,,,,,,,,,,,,0,0%,0,,
Solar_02,92,1,369.26,1,,,,,,,,,,,,,,,,,,0,0%,0,,
Solar_03,54,1,264.47,1,,,,,,,,,,,,,,,,,,0,0%,0,,
Solar_04,32,1,4.85,1,,,,,,,,,,,,,,,,,,0,0%,0,,
Solar_05,18,1,0.12,1,,,,,,,,,,,,,,,,,,0,0%,0,,
Solar_06,18,1,6.33,1,,,,,,,,,,,,,,,,,,0,0%,0,,
Solar_07,18,1,0.21,1,,,,,,,,,,,,,,,,,,0,0%,0,,
Solar_08,18,1,2.51,1,,,,,,,,,,,,,,,,,,0,0%,0,,
Solar_09,18,1,12.85,1,,,,,,,,,,,,,,,,,,0,0%,0,,
Solar_10,15,1,9.71,1,,,,,,,,,,,,,,,,,,0,0%,0,,
Solar_11,15,1,1.98,1,,,,,,,,,,,,,,,,,,0,0%,0,,
Solar_12,15,1,1.54,1,,,,,,,,,,,,,,,,,,0,0%,0,,
Solar_13,15,1,0.26,1,,,,,,,,,,,,,,,,,,0,0%,0,,
Solar_14,15,1,11.71,1,,,,,,,,,,,,,,,,,,0,0%,0,,
Solar_15,15,1,10.53,1,,,,,,,,,,,,,,,,,,0,0%,0,,
Solar_16,15,1,6.6,1,,,,,,,,,,,,,,,,,,0,0%,0,,
Solar_17,15,1,3.01,1,,,,,,,,,,,,,,,,,,0,0%,0,,
Solar_18,15,1,12.35,1,,,,,,,,,,,,,,,,,,0,0%,0,,
Solar_19,15,1,0.1,1,,,,,,,,,,,,,,,,,,0,0%,0,,
Solar_20,15,1,10.08,1,,,,,,,,,,,,,,,,,,0,0%,0,,
Solar_21,15,1,18.42,1,,,,,,,,,,,,,,,,,,0,0%,0,,
Solar_22,15,1,8.98,1,,,,,,,,,,,,,,,,,,0,0%,0,,
Solar_23,15,1,0.29,1,,,,,,,,,,,,,,,,,,0,0%,0,,
Solar_24,15,1,1.45,1,,,,,,,,,,,,,,,,,,0,0%,0,,
Solar_25,15,1,1.94,1,,,,,,,,,,,,,,,,,,0,0%,0,,
Solar_26,15,1,1.8,1,,,,,,,,,,,,,,,,,,0,0%,0,,
Solar_27,15,1,1.13,1,,,,,,,,,,,,,,,,,,0,0%,0,,
Solar_28,15,1,8.03,1,,,,,,,,,,,,,,,,,,0,0%,0,,
Solar_29,15,1,8.63,1,,,,,,,,,,,,,,,,,,0,0%,0,,
Solar_30,15,1,4.5,1,,,,,,,,,,,,,,,,,,0,0%,0,,
Solar_31,104,1,116.03,1,,,,,,,,,,,,,,,,,,0,0%,0,,
Solar_32,104,1,173.97,1,,,,,,,,,,,,,,,,,,0,0%,0,,
Solar_33,104,1,132,1,,,,,,,,,,,,,,,,,,0,0%,0,,
Solar_34,110,1,125,1,,,,,,,,,,,,,,,,,,0,0%,0,,
Solar_35,104,1,45,1,,,,,,,,,,,,,,,,,,0,0%,0,,
Solar_36,110,1,128.9,1,,,,,,,,,,,,,,,,,,0,0%,0,,
Solar_37,112,1,26,1,,,,,,,,,,,,,,,,,,0,0%,0,,
Solar_38,112,1,20,1,,,,,,,,,,,,,,,,,,0,0%,0,,
Solar_39,112,1,1.75,1,,,,,,,,,,,,,,,,,,0,0%,0,,
Solar_40,112,1,1.75,1,,,,,,,,,,,,,,,,,,0,0%,0,,
Solar_41,112,1,1.75,1,,,,,,,,,,,,,,,,,,0,0%,0,,
Solar_42,112,1,1.75,1,,,,,,,,,,,,,,,,,,0,0%,0,,
Solar_43,112,1,1.75,1,,,,,,,,,,,,,,,,,,0,0%,0,,
Solar_44,112,1,1.75,1,,,,,,,,,,,,,,,,,,0,0%,0,,
Solar_45,112,1,1.75,1,,,,,,,,,,,,,,,,,,0,0%,0,,
Solar_46,112,1,1.75,1,,,,,,,,,,,,,,,,,,0,0%,0,,
Solar_47,112,1,1.75,1,,,,,,,,,,,,,,,,,,0,0%,0,,
Solar_48,112,1,1.75,1,,,,,,,,,,,,,,,,,,0,0%,0,,
Solar_49,112,1,1.1,1,,,,,,,,,,,,,,,,,,0,0%,0,,
Solar_50,112,1,4.69,1,,,,,,,,,,,,,,,,,,0,0%,0,,
Solar_51,112,1,15.65,1,,,,,,,,,,,,,,,,,,0,0%,0,,
Solar_52,112,1,10.64,1,,,,,,,,,,,,,,,,,,0,0%,0,,
Solar_53,112,1,16.09,1,,,,,,,,,,,,,,,,,,0,0%,0,,
Solar_54,112,1,9.2,1,,,,,,,,,,,,,,,,,,0,0%,0,,
Solar_55,112,1,20.01,1,,,,,,,,,,,,,,,,,,0,0%,0,,
Solar_56,112,1,20.07,1,,,,,,,,,,,,,,,,,,0,0%,0,,
Solar_57,112,1,6.84,1,,,,,,,,,,,,,,,,,,0,0%,0,,
Solar_58,112,1,8.01,1,,,,,,,,,,,,,,,,,,0,0%,0,,
Solar_59,105,1,12.42,1,,,,,,,,,,,,,,,,,,0,0%,0,,
Solar_60,105,1,15.89,1,,,,,,,,,,,,,,,,,,0,0%,0,,
Solar_61,105,1,1.97,1,,,,,,,,,,,,,,,,,,0,0%,0,,
Solar_62,69,1,99.9,1,,,,,,,,,,,,,,,,,,0,0%,0,,
Solar_63,19,1,60,1,,,,,,,,,,,,,,,,,,0,0%,0,,
Solar_64,15,1,21,1,,,,,,,,,,,,,,,,,,0,0%,0,,
Solar_65,19,1,64.8,1,,,,,,,,,,,,,,,,,,0,0%,0,,
Solar_66,18,1,123.5,1,,,,,,,,,,,,,,,,,,0,0%,0,,
Solar_67,18,1,40,1,,,,,,,,,,,,,,,,,,0,0%,0,,
Solar_68,105,1,96,1,,,,,,,,,,,,,,,,,,0,0%,0,,
Solar_69,105,1,123,1,,,,,,,,,,,,,,,,,,0,0%,0,,
Solar_70,92,1,150,1,,,,,,,,,,,,,,,,,,0,0%,0,,
Solar_71,100,1,104.99,1,,,,,,,,,,,,,,,,,,0,0%,0,,
Solar_72,105,1,25.2,1,,,,,,,,,,,,,,,,,,0,0%,0,,
Solar_73,69,1,25,1,,,,,,,,,,,,,,,,,,0,0%,0,,
Solar_74,76,1,25,1,,,,,,,,,,,,,,,,,,0,0%,0,,
Solar_75,55,1,30,1,,,,,,,,,,,,,,,,,,0,0%,0,,
ST_Coal_01,18,1,20,0,108.8,10171.43,10548.57,10925.71,11302.86,11718.1,19.84,19.88,19.92,19.96,20,3.33,450,3.33,450,24,48,19.8,99%,6,3116.69,2.99
ST_NG_01,70,1,320,0,366.14,9013.97,9230.56,9485.22,9651.8,,100,176.67,253.33,320,,5.42,450,5.42,450,8,12,25.6,8%,25.6,25442.4,0.98
ST_NG_02,72,1,325,0,573.45,8802.98,9132.97,9826.83,10469.94,,98.42,173.88,249.34,325,,5.33,450,5.33,450,8,12,26,8%,26,25839.94,0.98
ST_NG_03,25,1,712,0,1203.68,8598.56,8605.11,9209.27,9973.45,,222.37,392.85,563.34,712,,11.83,450,11.83,450,8,12,56.96,8%,56.96,56609.34,0.98
ST_NG_04,19,1,62.6,0,347.69,4282.1,,,,,62.6,,,,,0.17,450,0.17,450,8,12,61.97,99%,18.78,4977.17,0.98
ST_NG_05,24,1,62.6,0,347.69,4282.1,,,,,62.6,,,,,0.17,450,0.17,450,8,12,61.97,99%,18.78,4977.17,0.98
ST_NG_06,92,1,110.25,0,215.73,9806.43,10175.43,10942.81,11651.13,,32.76,57.87,82.98,110.25,,1.72,450,1.72,450,8,12,8.82,8%,8.82,8765.7,0.98
ST_NG_07,92,1,110.25,0,175.41,9932.64,10172.13,10670.12,11129.73,,32.77,57.9,83.03,110.25,,1.82,450,1.82,450,8,12,8.82,8%,8.82,8765.7,0.98
ST_NG_08,92,1,306,0,482.88,9601.15,9846.42,10356.45,10827.2,,91.49,161.64,231.78,306,,4.98,450,4.98,450,8,12,24.48,8%,24.48,24329.29,0.98
ST_NG_09,92,1,345.6,0,592.26,9197.41,9501.77,10134.7,10718.89,,103.37,182.61,261.86,345.6,,5.48,450,5.48,450,8,12,27.65,8%,27.65,27477.79,0.98
ST_NG_10,105,1,106.25,0,254.48,9367.77,9900.81,11009.53,12032.98,,31.88,56.31,80.75,106.25,,1.77,450,1.77,450,8,12,8.5,8%,8.5,8447.67,0.98
ST_Other_01,24,1,4.6,0,23.46,11819.23,12422.19,13814.7,,,2.79,3.88,4.6,,,0.05,450,0.05,450,6,6,2.07,45%,2.07,365.73,0.98
ST_Other_02,24,1,30.4,0,488.75,5597,,,,,30.4,,,,,0.62,450,0.62,450,1,1,30.1,99%,9.12,966.81,1.91
Wind_01,24,1,11.5,1,,,,,,,,,,,,,,,,,,0,0%,0,,
Wind_02,24,1,38,1,,,,,,,,,,,,,,,,,,0,0%,0,,
Wind_03,24,1,10,1,,,,,,,,,,,,,,,,,,0,0%,0,,
Wind_04,24,1,5,1,,,,,,,,,,,,,,,,,,0,0%,0,,
Wind_05,24,1,1.1,1,,,,,,,,,,,,,,,,,,0,0%,0,,
Wind_06,27,1,24.1,1,,,,,,,,,,,,,,,,,,0,0%,0,,
Wind_07,27,1,16.6,1,,,,,,,,,,,,,,,,,,0,0%,0,,
Wind_08,27,1,16.6,1,,,,,,,,,,,,,,,,,,0,0%,0,,
Wind_09,27,1,16.6,1,,,,,,,,,,,,,,,,,,0,0%,0,,
Wind_10,27,1,16.6,1,,,,,,,,,,,,,,,,,,0,0%,0,,
Wind_11,27,1,16.6,1,,,,,,,,,,,,,,,,,,0,0%,0,,
Wind_12,31,1,97.5,1,,,,,,,,,,,,,,,,,,0,0%,0,,
Wind_13,31,1,58.7,1,,,,,,,,,,,,,,,,,,0,0%,0,,
Wind_14,100,1,400,1,,,,,,,,,,,,,,,,,,0,0%,0,,
Wind_15,82,1,50,1,,,,,,,,,,,,,,,,,,0,0%,0,,
Wind_16,82,1,149.5,1,,,,,,,,,,,,,,,,,,0,0%,0,,
Wind_17,82,1,149.5,1,,,,,,,,,,,,,,,,,,0,0%,0,,